{
  "users": [
    {
      "firstName": "rushikesh",
      "lastName": "kale",
      "email": "rushikesh@gmail.com",
      "actor": "admin",
      "username": "rushikesh11",
      "password": "rushikesh123",
      "id": 1
    }
  ],
  "posts": [
    {
      "id": 1,
      "programmingLanguage": "java",
      "title": "json-server",
      "description": "A fast, simple, open source, JSON Server",
      "author": "user"
    }
  ],
  "comments": [
    {
      "id": 1,
      "body": "some comment",
      "postId": 1
    }
  ],
  "likes": {
    "id": 1,
    "count": 2,
    "postId": 1
  },
  "contactUs": [
    {
      "name": "kamlesh",
      "email": "kamlesh@gmail.com",
      "actor": "user",
      "text": "reply me",
      "id": 2
    },
    {
      "name": "kalpesh",
      "email": "kalpesh@gmail.com",
      "actor": "user",
      "text": "i have a bussiness proposal for you",
      "id": 3
    },
    {
      "name": "hrishi",
      "email": "hrishi@gmail.com",
      "actor": "user",
      "text": "call me",
      "id": 4
    }
  ]
}